First name,Last name,Address,Address2,City,ZIP/Postal code,Abbreviation,First name,Last name,Address,Address2,City,ZIP/Postal code,Abbreviation,weight,Phone 1,Phone 1,order num,Item-sku
Sandy,Barbero ,608 West King Tut Road,,Bellingham ,98226,WA,Argo,Brands,800 Progress Center Ct.,Ste 100,Lawrenceville,30043,GA,2,,,113-3914024-2752203,1x G-DSHPXL-BLCK
,,,,,,,,,,,,,,,,,,
,,,,,,,,,,,,,,,,,,
,,,,,,,,,,,,,,,,,,
,,,,,,,,,,,,,,,,,,
,,,,,,,,,,,,,,,,,,
,,,,,,,,,,,,,,,,,,
,,,,,,,,,,,,,,,,,,
,,,,,,,,,,,,,,,,,,
,,,,,,,,,,,,,,,,,,
,,,,,,,,,,,,,,,,,,
,,,,,  ,,,,,,,,,,,,,